ts,frame_idx,mode,fps,latency_ms,width,height,power_state
1771342465.366789,1,hand,1.5845081542989041,51.96350021287799,640,480,unknown
1771342465.469137,2,hand,7.041557961890372,14.514799928292632,640,480,unknown
1771342465.4905229,3,hand,36.92819158302518,14.631500001996756,640,480,unknown
1771342465.536947,4,hand,30.231178959355923,16.331099905073643,640,480,unknown
1771342465.558122,5,hand,45.64086269559729,15.140400035306811,640,480,unknown
1771342465.5777514,6,hand,28.892559706273378,15.247900038957596,640,480,unknown
1771342465.6112535,7,hand,29.848873453934726,14.52290010638535,640,480,unknown
1771342465.6470668,8,hand,30.134092019426962,14.35540011152625,640,480,unknown
1771342465.6797664,9,hand,28.30623042867941,14.71540005877614,640,480,unknown
1771342465.728343,10,hand,29.394931599013233,14.433900127187371,640,480,unknown
1771342465.7462134,11,hand,30.83797634014896,14.451400144025683,640,480,unknown
1771342465.779383,12,hand,30.148171042890105,15.16720000654459,640,480,unknown
1771342465.827852,13,hand,29.23348852769801,14.701299834996462,640,480,unknown
1771342465.8467722,14,hand,30.136906772049578,15.061700018122792,640,480,unknown
1771342465.8799133,15,hand,30.17398060487468,14.89129988476634,640,480,unknown
1771342465.9302592,16,hand,29.093774494502828,15.861100051552057,640,480,unknown
1771342465.9523606,17,hand,29.4659697633901,14.705399982631207,640,480,unknown
1771342465.9817245,18,hand,29.848873453934726,14.301400166004896,640,480,unknown
1771342466.0157597,19,hand,29.381341328439134,14.165899949148297,640,480,unknown
1771342466.0649226,20,hand,29.2430679988008,15.528399962931871,640,480,unknown
1771342466.0998447,21,hand,28.595512588885782,16.399099957197905,640,480,unknown
1771342466.132982,22,hand,29.6576535807218,15.612400136888027,640,480,unknown
1771342466.1530275,23,hand,29.084090893331393,13.871700037270784,640,480,unknown
1771342466.1864965,24,hand,29.87842910976713,14.80109989643097,640,480,unknown
1771342466.2198725,25,hand,29.961668416804176,14.683299930766225,640,480,unknown
1771342466.2550628,26,hand,29.423594693754428,14.678499894216657,640,480,unknown
1771342466.28864,27,hand,28.75114989409321,14.334100065752864,640,480,unknown
1771342466.3440871,28,hand,29.284924314360723,28.12799997627735,640,480,unknown
1771342466.3572276,29,hand,29.035769419811288,14.57899995148182,640,480,unknown
1771342466.4061935,30,hand,30.244258405982073,17.080300021916628,640,480,unknown
1771342466.424288,31,hand,29.414928010884278,15.305599896237254,640,480,unknown
1771342466.4444215,32,hand,51.80007657062405,14.53920011408627,640,480,unknown
1771342466.4905367,33,hand,29.712488399934827,14.540599891915917,640,480,unknown
1771342466.5286329,34,hand,30.226603825254752,18.28740001656115,640,480,unknown
1771342466.5587487,35,hand,29.339414373452342,14.22929996624589,640,480,unknown
1771342466.5793726,36,hand,28.607019601958832,14.63199988938868,640,480,unknown
1771342466.6252904,37,hand,30.330648077173393,14.218700118362904,640,480,unknown
1771342466.660965,38,hand,30.730878851155804,15.935800038278103,640,480,unknown
1771342466.693849,39,hand,29.64360984090861,15.08600008673966,640,480,unknown
1771342466.7110224,40,hand,30.859303839843435,14.608499826863408,640,480,unknown
1771342466.7581472,41,hand,29.967662420245638,15.09640016593039,640,480,unknown
1771342466.793851,42,hand,29.38257628828425,15.341100050136447,640,480,unknown
1771342466.8207405,43,hand,30.762659156251832,14.528399799019098,640,480,unknown
1771342466.8593998,44,hand,29.83698265682132,14.825899852439761,640,480,unknown
1771342466.8922195,45,hand,29.385664142139518,14.73759999498725,640,480,unknown
1771342466.9154532,46,hand,29.841440595362602,14.089500065892935,640,480,unknown
1771342466.9615738,47,hand,29.12852708117756,16.271900152787566,640,480,unknown
1771342466.993584,48,hand,29.53984843789616,14.792999951168895,640,480,unknown
1771342467.0250957,49,hand,29.050248993981203,14.16290015913546,640,480,unknown
1771342467.062429,50,hand,29.874811248183708,13.972900109365582,640,480,unknown
1771342467.0854783,51,hand,29.94455589745054,13.95799987949431,640,480,unknown
1771342467.0992987,52,hand,56.06683687791576,14.251400018110871,640,480,unknown
1771342467.150717,53,hand,29.3242351361933,18.742999993264675,640,480,unknown
1771342467.1689572,54,hand,28.917858275533984,15.13159996829927,640,480,unknown
1771342467.2031214,55,hand,28.45718162697605,14.078600099310279,640,480,unknown
1771342467.253992,56,hand,28.77560905330031,16.012399923056364,640,480,unknown
1771342467.2714622,57,hand,29.77154092402916,15.354600036516786,640,480,unknown
1771342467.3184233,58,hand,30.016130532794218,14.34329990297556,640,480,unknown
1771342467.3525178,59,hand,29.464520797184424,14.066200004890561,640,480,unknown
1771342467.3859396,60,hand,29.395343621658746,13.899199897423387,640,480,unknown
1771342467.4064655,61,hand,29.6473814791515,14.185199979692698,640,480,unknown
1771342467.4486737,62,hand,29.021304272617193,14.729300048202276,640,480,unknown
1771342467.48696,63,hand,29.7455711104492,13.912299880757928,640,480,unknown
1771342467.507937,64,hand,29.944128334915863,14.210700057446957,640,480,unknown
1771342467.5470319,65,hand,29.132978169214635,14.758500037714839,640,480,unknown
1771342467.5771987,66,hand,28.623418455785007,14.006600016728044,640,480,unknown
1771342467.6113775,67,hand,29.257959206451073,14.1504998318851,640,480,unknown
1771342467.64744,68,hand,29.667932802829355,14.397800201550126,640,480,unknown
1771342467.6943293,69,hand,29.422975475615914,15.409400220960379,640,480,unknown
1771342467.7162275,70,hand,29.639420257082488,15.095899812877178,640,480,unknown
1771342467.7627172,71,hand,29.499542839459284,16.088200034573674,640,480,unknown
1771342467.7934682,72,hand,29.80073181995808,14.24559997394681,640,480,unknown
1771342467.8325107,73,hand,28.903709522923513,20.760999992489815,640,480,unknown
1771342467.848352,74,hand,29.860135976933755,13.90490005724132,640,480,unknown
1771342467.8827121,75,hand,29.10346454616735,15.191000187769532,640,480,unknown
1771342467.9177127,76,hand,28.570969258121426,14.056799933314323,640,480,unknown
1771342467.967098,77,hand,29.093774494502828,15.224800212308764,640,480,unknown
1771342468.0022497,78,hand,28.95618916120124,16.251600114628673,640,480,unknown
1771342468.0370889,79,hand,29.089335376975733,15.658799791708589,640,480,unknown
1771342468.0725994,80,hand,28.85082439692115,18.097199965268373,640,480,unknown
1771342468.0997627,81,hand,30.417091512984705,13.959599891677499,640,480,unknown
1771342468.1245883,82,hand,30.140155217016385,14.535400085151196,640,480,unknown
1771342468.1632164,83,hand,28.978595807597177,14.313000021502376,640,480,unknown
1771342468.2088022,84,hand,29.006853530847806,17.770799808204174,640,480,unknown
1771342468.2252097,85,hand,28.97279076032521,13.9274001121521,640,480,unknown
1771342468.2489312,86,hand,53.6369728126039,13.97760002873838,640,480,unknown
1771342468.2906256,87,hand,29.69439783644486,14.20030021108687,640,480,unknown
1771342468.3134828,88,hand,29.526747435780106,13.948800042271614,640,480,unknown
1771342468.3405101,89,hand,53.32126466737011,14.594699954614043,640,480,unknown
1771342468.3786545,90,hand,28.880424154788955,15.438300091773272,640,480,unknown
1771342468.4134452,91,hand,29.14228938683342,14.215500093996525,640,480,unknown
1771342468.4482634,92,hand,28.649030416043388,14.158299891278148,640,480,unknown
1771342468.4800036,93,hand,29.661428793686266,13.84239993058145,640,480,unknown
1771342468.503367,94,hand,51.1793833050651,16.331200022250414,640,480,unknown
1771342468.535735,95,hand,28.80980314041185,14.173199888318777,640,480,unknown
1771342468.5744715,96,hand,28.833569356413182,17.88719999603927,640,480,unknown
1771342468.5908065,97,hand,29.270209915140686,14.876799890771508,640,480,unknown
1771342468.6384547,98,hand,28.76475509896169,14.430699869990349,640,480,unknown
1771342468.6601636,99,hand,29.982229275231784,15.320600010454655,640,480,unknown
1771342468.7071695,100,hand,29.36796924778916,15.354900155216455,640,480,unknown
1771342468.7426734,101,hand,28.930224858601186,15.584300039336085,640,480,unknown
1771342468.7740033,102,hand,30.00968769005116,14.800300123170018,640,480,unknown
1771342468.8027866,103,hand,29.758022519102926,14.446299988776445,640,480,unknown
1771342468.8288856,104,hand,29.054877457432216,14.692800119519234,640,480,unknown
1771342468.8808548,105,hand,29.261225059299566,17.918800003826618,640,480,unknown
1771342468.8974795,106,hand,29.053669890000275,14.238800154998899,640,480,unknown
1771342468.9433053,107,hand,30.892943160809907,14.814099995419383,640,480,unknown
1771342468.9652607,108,hand,49.62322681400329,15.055200085043907,640,480,unknown
1771342468.996898,109,hand,31.03030303030303,14.68379981815815,640,480,unknown
1771342469.0306337,110,hand,30.721650088627808,15.61200013384223,640,480,unknown
1771342469.0609157,111,hand,29.719225400514414,14.032900100573897,640,480,unknown
1771342469.0981784,112,hand,29.089738877137012,15.173400053754449,640,480,unknown
1771342469.1334815,113,hand,29.725544113790832,18.307100050151348,640,480,unknown
1771342469.1502779,114,hand,41.62213335185718,15.399500029161572,640,480,unknown
1771342469.179804,115,hand,29.347215225300868,14.4252001773566,640,480,unknown
1771342469.22293,116,hand,31.01103126016621,16.363499918952584,640,480,unknown
1771342469.2589533,117,hand,28.947196245557127,23.292699828743935,640,480,unknown
1771342469.2760172,118,hand,28.834560466379305,14.134300174191594,640,480,unknown
1771342469.3299685,119,hand,28.78192785139336,19.154899986460805,640,480,unknown
1771342469.3622062,120,hand,29.029338685676713,16.843799967318773,640,480,unknown
1771342469.3937259,121,hand,28.949793625157024,15.345599967986345,640,480,unknown
1771342469.413904,122,hand,29.280631086599882,14.333199942484498,640,480,unknown
1771342469.4509294,123,hand,28.603703072254238,14.077099971473217,640,480,unknown
1771342469.4843724,124,hand,29.33120742947454,14.593899948522449,640,480,unknown
1771342469.5324306,125,hand,29.486892149350055,15.92590007930994,640,480,unknown
1771342469.5672932,126,hand,29.030343300110744,23.992800153791904,640,480,unknown
1771342469.5860004,127,hand,28.83297472313689,14.06940002925694,640,480,unknown
1771342469.6341178,128,hand,28.670376091979165,14.328100020065904,640,480,unknown
1771342469.653227,129,hand,30.91434678459554,13.89859989285469,640,480,unknown
1771342469.687099,130,hand,29.52300642645475,15.274399891495705,640,480,unknown
1771342469.7255476,131,hand,29.43639770645743,15.114800073206425,640,480,unknown
1771342469.7680275,132,hand,29.5752584298185,14.14759992621839,640,480,unknown
1771342469.7918344,133,hand,29.77851615193468,14.825300080701709,640,480,unknown
1771342469.8376615,134,hand,29.578386917060993,15.321800019592047,640,480,unknown
1771342469.8706887,135,hand,29.308252393263924,14.499099925160408,640,480,unknown
1771342469.886386,136,hand,50.519175178261705,14.235700014978647,640,480,unknown
1771342469.926487,137,hand,29.004647045806596,16.745499800890684,640,480,unknown
1771342469.958239,138,hand,29.249185838116027,13.660100055858493,640,480,unknown
1771342469.9900997,139,hand,31.329299810275028,14.33739997446537,640,480,unknown
1771342470.026555,140,hand,29.476737975430805,16.360600013285875,640,480,unknown
1771342470.05264,141,hand,29.438670372553975,14.539599884301424,640,480,unknown
1771342470.0946145,142,hand,28.986806913757714,15.937899937853217,640,480,unknown
1771342470.1262028,143,hand,29.57692687398632,14.73770011216402,640,480,unknown
1771342470.152936,144,hand,29.183857500695797,15.235100174322724,640,480,unknown
1771342470.1956606,145,hand,30.863618301961765,15.724899945780635,640,480,unknown
1771342470.2291195,146,hand,30.010761305094448,16.16239990107715,640,480,unknown
1771342470.2644587,147,hand,28.55735227032879,19.391899928450584,640,480,unknown
1771342470.2966688,148,hand,29.085502683660874,14.505099970847368,640,480,unknown
1771342470.3169134,149,hand,29.64465742193574,14.496099902316928,640,480,unknown
1771342470.3664453,150,hand,29.067764425409234,19.408700056374073,640,480,unknown
1771342470.384919,151,hand,29.050450200858844,15.059299999848008,640,480,unknown
1771342470.4330313,152,hand,29.586524082277588,15.553200151771307,640,480,unknown
1771342470.4538531,153,hand,29.447971298383077,14.671899843961,640,480,unknown
1771342470.501447,154,hand,28.796946124640407,15.177099965512753,640,480,unknown
1771342470.5340958,155,hand,29.35666391365819,14.796999981626868,640,480,unknown
1771342470.556211,156,hand,29.589863701780626,14.980100095272064,640,480,unknown
1771342470.6001604,157,hand,29.36694113034224,15.325000043958426,640,480,unknown
1771342470.637123,158,hand,28.72220776552763,14.75499989464879,640,480,unknown
1771342470.6699297,159,hand,30.195486123609662,14.081900008022785,640,480,unknown
1771342470.6923647,160,hand,29.446110643077787,13.94940004684031,640,480,unknown
1771342470.7414317,161,hand,28.717094812948456,15.958999982103705,640,480,unknown
1771342470.773748,162,hand,30.01247924895529,14.420200139284134,640,480,unknown
1771342470.793737,163,hand,29.0802595817849,14.015699969604611,640,480,unknown
1771342470.8438516,164,hand,29.05528000221674,16.485299915075302,640,480,unknown
1771342470.878294,165,hand,29.258367398189097,16.50309981778264,640,480,unknown
1771342470.9022384,166,hand,29.62476603499057,14.51260014437139,640,480,unknown
1771342470.941925,167,hand,31.022270215897578,13.926399871706963,640,480,unknown
1771342470.969365,168,hand,30.37193876812119,13.97569989785552,640,480,unknown
1771342470.995078,169,hand,29.559417593414803,14.752499992027879,640,480,unknown
1771342471.0289662,170,hand,29.508882275551052,14.261600095778704,640,480,unknown
1771342471.0788558,171,hand,29.178172913710103,15.743599971756339,640,480,unknown
1771342471.1144445,172,hand,29.009260988345957,16.65779994800687,640,480,unknown
1771342471.1455193,173,hand,30.20200900090009,14.813699992373586,640,480,unknown
1771342471.1776175,174,hand,31.036732277638006,14.718000078573823,640,480,unknown
1771342471.2126617,175,hand,29.785706169753436,16.825699945911765,640,480,unknown
1771342471.2440455,176,hand,29.164985084797618,14.206700026988983,640,480,unknown
1771342471.2724144,177,hand,29.286764654540377,13.509100070223212,640,480,unknown
1771342471.2970212,178,hand,54.33036269430052,15.22810012102127,640,480,unknown
1771342471.3443055,179,hand,29.028535044190214,26.789499912410975,640,480,unknown
1771342471.3701646,180,hand,28.64981318178403,17.103200079873204,640,480,unknown
1771342471.4025738,181,hand,29.102252936727655,16.274899942800403,640,480,unknown
1771342471.4366076,182,hand,29.32546530001538,15.012399991974235,640,480,unknown
1771342471.4686859,183,hand,29.743250813731677,14.639199944213033,640,480,unknown
1771342471.5011258,184,hand,29.68094938186862,14.044699957594275,640,480,unknown
1771342471.5450327,185,hand,53.547268572304,37.8046000842005,640,480,unknown
1771342471.5830326,186,hand,20.135204289822234,29.923300025984645,640,480,unknown
1771342471.6227882,187,hand,19.839479310540558,15.486599877476692,640,480,unknown
1771342471.6408093,188,hand,29.863537654237483,14.543399913236499,640,480,unknown
1771342471.688234,189,hand,29.044214083414698,14.635999919846654,640,480,unknown
1771342471.7348855,190,hand,29.208855338203445,25.883099995553493,640,480,unknown
1771342471.7569435,191,hand,29.554835254657686,15.107800019904971,640,480,unknown
1771342471.7774374,192,hand,29.302928683210375,15.151500003412366,640,480,unknown
1771342471.8115504,193,hand,29.314397539837852,14.776800060644746,640,480,unknown
1771342471.8573408,194,hand,29.52217521978138,14.122099848464131,640,480,unknown
1771342471.8826413,195,hand,29.047633558181086,14.79410007596016,640,480,unknown
1771342471.930583,196,hand,29.39864021868648,17.87390001118183,640,480,unknown
1771342471.9624863,197,hand,30.49005910019409,15.614800155162811,640,480,unknown
1771342471.9950655,198,hand,29.234711089426362,14.350099954754114,640,480,unknown
1771342472.0146163,199,hand,29.631253973860826,14.34660004451871,640,480,unknown
1771342472.0800598,200,hand,29.474666554229735,31.47649997845292,640,480,unknown
1771342472.114571,201,hand,20.16948060379028,26.05549991130829,640,480,unknown
1771342472.1576936,202,hand,29.153227544119385,25.64350003376603,640,480,unknown
1771342472.1910481,203,hand,29.929171334584453,26.160200126469135,640,480,unknown
1771342472.2251446,204,hand,29.436604297966117,25.448100175708532,640,480,unknown
1771342472.2578437,205,hand,30.546683368776765,25.24889982305467,640,480,unknown
1771342472.2928212,206,hand,29.08913363109274,25.78160003758967,640,480,unknown
1771342472.3254652,207,hand,29.354814778525085,24.934399873018265,640,480,unknown
1771342472.359963,208,hand,29.392665680908767,25.883900001645088,640,480,unknown
1771342472.3953404,209,hand,27.580859192624594,24.993800092488527,640,480,unknown
1771342472.4305236,210,hand,29.046225441652066,26.264999993145466,640,480,unknown
1771342472.4581058,211,hand,29.123875124986114,25.069700088351965,640,480,unknown
1771342472.5258844,212,hand,16.738316153259824,26.008700020611286,640,480,unknown
1771342472.5584605,213,hand,29.079654730127917,25.063300039619207,640,480,unknown
1771342472.5920672,214,hand,29.350090269127957,26.07330004684627,640,480,unknown
1771342472.620099,215,hand,29.301700409383688,25.538200046867132,640,480,unknown
1771342472.6627655,216,hand,29.203771010012392,26.50310005992651,640,480,unknown
1771342472.6885595,217,hand,29.34495665740812,25.057899998500943,640,480,unknown
1771342472.7231257,218,hand,28.86273646254103,25.393999880179763,640,480,unknown
1771342472.7589724,219,hand,29.3597463232978,25.46770009212196,640,480,unknown
1771342472.8011227,220,hand,28.944599331989952,27.170300018042326,640,480,unknown
1771342472.8307915,221,hand,30.553581444815958,25.444400031119585,640,480,unknown
1771342472.8593814,222,hand,29.02291079942152,25.570800062268972,640,480,unknown
1771342472.8917093,223,hand,28.708839272269298,25.44329990632832,640,480,unknown
1771342472.9283926,224,hand,29.85928567869067,26.011099806055427,640,480,unknown
1771342472.9688458,225,hand,29.13378760410372,24.92629992775619,640,480,unknown
1771342472.9929965,226,hand,29.803061093978712,25.881699984893203,640,480,unknown
1771342473.0339785,227,hand,29.561292596116573,26.56850009225309,640,480,unknown
1771342473.0711107,228,hand,29.144314352221798,25.728599866852164,640,480,unknown
1771342473.1067955,229,hand,29.233692280885172,27.082599932327867,640,480,unknown
1771342473.1347957,230,hand,29.511373790677222,25.666599860414863,640,480,unknown
1771342473.1630416,231,hand,29.700495680498513,25.467599974945188,640,480,unknown
1771342473.1995695,232,hand,29.2398061974973,25.59340000152588,640,480,unknown
1771342473.239012,233,hand,29.273478503629256,26.69720002450049,640,480,unknown
1771342473.276899,234,hand,29.995523167251896,28.16069987602532,640,480,unknown
1771342473.3091693,235,hand,30.36864017145381,27.434200048446655,640,480,unknown
1771342473.341998,236,hand,30.20896984363634,27.87190000526607,640,480,unknown
1771342473.375203,237,hand,29.35317129840228,26.29250008612871,640,480,unknown
1771342473.4050894,238,hand,29.196046220242238,26.537500089034438,640,480,unknown
1771342473.4411855,239,hand,29.29515135429617,25.27849981561303,640,480,unknown
1771342473.4784029,240,hand,29.36920308375288,26.80350001901388,640,480,unknown
1771342473.5022798,241,hand,29.75654468833804,26.014599949121475,640,480,unknown
1771342473.5440423,242,hand,30.013553063750923,26.41809987835586,640,480,unknown
1771342473.5686314,243,hand,29.802002287923035,25.753599824383855,640,480,unknown
1771342473.6018798,244,hand,29.38710536272298,26.939000003039837,640,480,unknown
1771342473.6378942,245,hand,29.256122484567364,26.720999972894788,640,480,unknown
1771342473.678138,246,hand,29.536936099491555,25.368500035256147,640,480,unknown
1771342473.7063012,247,hand,29.079453118500236,26.141300098970532,640,480,unknown
1771342473.7464066,248,hand,29.340645811181375,25.33069998025894,640,480,unknown
1771342473.780639,249,hand,29.143706833057713,25.54480009712279,640,480,unknown
1771342473.8119307,250,hand,29.46058860715038,25.306799914687872,640,480,unknown
1771342473.8503551,251,hand,29.794804401412204,26.125899981707335,640,480,unknown
1771342473.8842626,252,hand,29.10649401118652,25.823700008913875,640,480,unknown
1771342473.9175653,253,hand,29.733340894912946,26.463100221008062,640,480,unknown
1771342473.9496856,254,hand,29.963594799257038,25.177399860695004,640,480,unknown
1771342473.9846027,255,hand,29.704912924312495,26.75070008262992,640,480,unknown
1771342474.0186298,256,hand,29.427310549985616,24.97120015323162,640,480,unknown
1771342474.053007,257,hand,29.77175224656095,26.045700069516897,640,480,unknown
1771342474.0840402,258,hand,29.632510032216132,24.89339979365468,640,480,unknown
1771342474.12037,259,hand,29.471352885790974,25.898799998685718,640,480,unknown
1771342474.149292,260,hand,30.74011315997772,26.389099890366197,640,480,unknown
1771342474.1839027,261,hand,29.015883557474126,27.775299968197942,640,480,unknown
1771342474.2215426,262,hand,28.830001924610265,28.41839985921979,640,480,unknown
1771342474.247402,263,hand,30.028809530628024,26.63199999369681,640,480,unknown
1771342474.2788568,264,hand,29.87970621130844,25.173600064590573,640,480,unknown
1771342474.31412,265,hand,29.258775601317037,25.471400003880262,640,480,unknown
1771342474.3537223,266,hand,29.408534447700916,26.302000042051077,640,480,unknown
1771342474.390086,267,hand,29.8422898775516,26.16830007173121,640,480,unknown
1771342474.4245281,268,hand,29.517188962469298,25.461100041866302,640,480,unknown
1771342474.4564528,269,hand,29.584437202872177,25.426100008189678,640,480,unknown
1771342474.490079,270,hand,29.211499888566973,25.06130002439022,640,480,unknown
1771342474.52448,271,hand,29.723226940302737,25.49539995379746,640,480,unknown
1771342475.532583,272,hand,0.9961108419542687,28.71820004656911,640,480,unknown
1771342475.5639484,273,hand,28.965787765362357,26.84519998729229,640,480,unknown
1771342475.5902596,274,hand,28.813959399580945,27.42439997382462,640,480,unknown
1771342475.6256168,275,hand,28.947595812082017,26.17239998653531,640,480,unknown
1771342475.666232,276,hand,29.268780137191825,25.62740002758801,640,480,unknown
1771342475.694243,277,hand,29.316241586345242,27.934900019317865,640,480,unknown
1771342475.7361903,278,hand,29.71101508819154,26.23530011624098,640,480,unknown
1771342475.7662141,279,hand,29.925541174959687,26.332399807870388,640,480,unknown
1771342475.793304,280,hand,29.58777635124649,27.06460002809763,640,480,unknown
1771342475.8328676,281,hand,29.48399024301089,27.209300082176924,640,480,unknown
1771342475.8640587,282,hand,28.921048639554286,26.68199990876019,640,480,unknown
1771342475.8973691,283,hand,29.363651638196583,27.315900195389986,640,480,unknown
1771342475.9316492,284,hand,29.491868175138343,26.052500121295452,640,480,unknown
1771342475.9644916,285,hand,29.92596820685522,27.084700064733624,640,480,unknown
1771342475.997106,286,hand,29.45831255574831,26.58730000257492,640,480,unknown
1771342476.0417123,287,hand,29.0016387434917,26.183499954640865,640,480,unknown
1771342476.0737524,288,hand,30.804004083401267,26.042399927973747,640,480,unknown
1771342476.119276,289,hand,21.516975324475453,26.420800015330315,640,480,unknown
1771342476.1507561,290,hand,30.467689446768944,25.77239996753633,640,480,unknown
1771342476.1874726,291,hand,29.269801392901506,27.053599944338202,640,480,unknown
1771342476.2216282,292,hand,29.237360323999525,26.304000057280064,640,480,unknown
1771342476.2553873,293,hand,29.079856344551214,26.314400136470795,640,480,unknown
1771342476.2800086,294,hand,29.518850861080026,26.42770018428564,640,480,unknown
1771342476.3240852,295,hand,28.95698880189995,26.715599931776524,640,480,unknown
1771342476.35851,296,hand,29.296992980127825,25.943699991330504,640,480,unknown
1771342476.3927443,297,hand,28.910084711299206,26.89699991606176,640,480,unknown
1771342476.4180858,298,hand,28.988810328502215,27.049499796703458,640,480,unknown
1771342476.459488,299,hand,29.11093836757357,25.291400030255318,640,480,unknown
1771342476.4965508,300,hand,28.853206023375318,26.05590014718473,640,480,unknown
1771342476.5306876,301,hand,29.054072401324447,26.48360002785921,640,480,unknown
1771342476.5641158,302,hand,29.50722149917338,25.429300032556057,640,480,unknown
1771342476.5984044,303,hand,30.586780234525406,27.433699928224087,640,480,unknown
1771342476.6309304,304,hand,29.030946102147748,25.675599928945303,640,480,unknown
1771342476.664874,305,hand,30.070791003792632,25.523999938741326,640,480,unknown
1771342476.6973586,306,hand,30.543569129491267,25.481099961325526,640,480,unknown
1771342476.7205243,307,hand,30.723225338597558,25.46399994753301,640,480,unknown
1771342476.758624,308,hand,29.357074864214123,25.72380006313324,640,480,unknown
1771342476.8046641,309,hand,29.213737959087016,37.94409986585379,640,480,unknown
1771342476.8453414,310,hand,19.976300699167478,23.053199984133244,640,480,unknown
1771342476.869182,311,hand,29.399258412947635,12.145999819040298,640,480,unknown
1771342476.8896277,312,hand,60.126494452249204,25.123100029304624,640,480,unknown
1771342476.9241927,313,hand,28.96218754315702,25.31050005927682,640,480,unknown
1771342476.965466,314,hand,29.014478517421953,25.694299954921007,640,480,unknown
1771342477.0031984,315,hand,29.724701463449204,27.14770007878542,640,480,unknown
1771342477.0372875,316,hand,28.930823509936058,26.533300057053566,640,480,unknown
1771342477.0716062,317,hand,29.405854103130366,26.759600033983588,640,480,unknown
1771342477.102442,318,hand,29.511581435929187,26.786500122398138,640,480,unknown
1771342477.1386685,319,hand,29.320750232437835,26.09580010175705,640,480,unknown
1771342477.1610436,320,hand,29.347831258702605,14.541999902576208,640,480,unknown
1771342477.2171574,321,hand,29.84738658601672,37.54070005379617,640,480,unknown
1771342477.2463307,322,hand,19.892076470337155,29.902499867603183,640,480,unknown
1771342477.2960308,323,hand,20.107018729715865,27.896699961274862,640,480,unknown
1771342477.3473134,324,hand,29.559834240126293,32.95719996094704,640,480,unknown
1771342477.4070032,325,hand,19.97240065712721,42.6751000341028,640,480,unknown
1771342477.4432473,326,hand,19.78435950773817,28.742800001055002,640,480,unknown
1771342477.4886396,327,hand,29.23674891955946,40.07709980942309,640,480,unknown
1771342477.5211473,328,hand,19.98743846707363,22.41189987398684,640,480,unknown
1771342477.5577898,329,hand,29.073204544351793,24.65829998254776,640,480,unknown
1771342477.6013434,330,hand,29.783802591869343,34.285999834537506,640,480,unknown
1771342477.640491,331,hand,20.56424512529356,27.655899990350008,640,480,unknown
1771342477.6655848,332,hand,28.95379050406594,15.698199858888984,640,480,unknown
1771342477.7129023,333,hand,30.034615357073807,29.314100043848157,640,480,unknown
1771342477.7426448,334,hand,29.153430180023634,26.34270000271499,640,480,unknown
1771342477.7768922,335,hand,29.137430617788244,25.296400068327785,640,480,unknown
1771342477.8097513,336,hand,29.80242580131735,25.199499912559986,640,480,unknown
1771342477.843969,337,hand,29.27450008724481,25.622100103646517,640,480,unknown
1771342477.8697705,338,hand,29.208855338203445,27.217800030484796,640,480,unknown
1771342477.9136283,339,hand,29.513035034513816,26.42160002142191,640,480,unknown
1771342477.945151,340,hand,29.40461718580212,24.76670010946691,640,480,unknown
1771342477.980095,341,hand,29.943487014006884,25.570900179445744,640,480,unknown
1771342478.0143335,342,hand,29.1775639821636,25.587799958884716,640,480,unknown
1771342478.0447218,343,hand,29.550046146584094,25.331699987873435,640,480,unknown
1771342478.0800436,344,hand,29.737978758100425,26.666400022804737,640,480,unknown
1771342478.115212,345,hand,29.65681477500919,26.018999982625246,640,480,unknown
1771342478.1403618,346,hand,29.4856484052612,25.81669995561242,640,480,unknown
1771342478.1832435,347,hand,29.5074290859973,25.11289995163679,640,480,unknown
1771342478.2168953,348,hand,29.0454208649285,24.67299997806549,640,480,unknown
1771342478.2425392,349,hand,29.131157105153495,25.03459993749857,640,480,unknown
1771342478.2836747,350,hand,30.163130870021718,24.75660014897585,640,480,unknown
1771342478.3081996,351,hand,29.47404518463863,14.20900016091764,640,480,unknown
1771342478.351156,352,hand,29.86438819466695,25.81809996627271,640,480,unknown
1771342478.3782148,353,hand,29.205601164240004,25.893100071698427,640,480,unknown
1771342478.4220412,354,hand,29.185482075261636,25.99320001900196,640,480,unknown
1771342478.4540164,355,hand,29.332438178359627,25.402799947187304,640,480,unknown
1771342478.4899614,356,hand,29.174925572465987,25.737900054082274,640,480,unknown
1771342478.5249388,357,hand,29.106292027230523,27.306299889460206,640,480,unknown
1771342478.5581987,358,hand,30.204618940970597,25.653099874034524,640,480,unknown
1771342478.5925243,359,hand,29.05145627705628,26.76809998229146,640,480,unknown
1771342478.624592,360,hand,29.105484119439026,26.73140005208552,640,480,unknown
1771342478.6609395,361,hand,29.918283496918512,26.34259988553822,640,480,unknown
1771342478.6930058,362,hand,29.640258079105628,25.29369993135333,640,480,unknown
1771342478.7202733,363,hand,29.49331983236295,25.803100084885955,640,480,unknown
1771342478.7610874,364,hand,29.98072909220872,25.33900015987456,640,480,unknown
1771342478.7852416,365,hand,29.59445690981189,25.798700051382184,640,480,unknown
1771342478.8194299,366,hand,29.139454907981854,26.131000136956573,640,480,unknown
1771342478.83858,367,hand,28.526276414138323,14.95509990490973,640,480,unknown
1771342478.8740034,368,hand,47.914094450410104,14.628599863499403,640,480,unknown
1771342478.9061809,369,hand,30.871114709454236,14.487200183793902,640,480,unknown
1771342478.9547732,370,hand,29.200517968782634,29.497200157493353,640,480,unknown
1771342478.999641,371,hand,20.22842867270807,24.985700147226453,640,480,unknown
1771342479.0281537,372,hand,29.117203173919986,25.224799988791347,640,480,unknown
1771342479.0677438,373,hand,30.096684151233127,25.14280006289482,640,480,unknown
1771342479.0980237,374,hand,28.958988096881992,25.673900032415986,640,480,unknown
1771342479.1293886,375,hand,29.337157006064253,26.625700062140822,640,480,unknown
1771342479.1701636,376,hand,29.552336395919056,24.941699812188745,640,480,unknown
1771342479.1955113,377,hand,29.535064185168753,26.440100045874715,640,480,unknown
1771342479.2386806,378,hand,29.419467065070247,25.80980001948774,640,480,unknown
1771342479.2521634,379,hand,29.82086029150373,15.104500111192465,640,480,unknown
1771342479.3067806,380,hand,28.80742867347079,26.81860001757741,640,480,unknown
1771342479.334287,381,hand,28.946796690062595,25.129999965429306,640,480,unknown
1771342479.35018,382,hand,29.423388284812347,14.299799920991063,640,480,unknown
1771342479.3989208,383,hand,29.512412046158175,15.218500047922134,640,480,unknown
1771342479.4421597,384,hand,29.143301834352418,24.11450003273785,640,480,unknown
1771342479.454898,385,hand,27.38153805979893,14.169099973514676,640,480,unknown
1771342479.4920988,386,hand,29.73355167549251,14.846500009298325,640,480,unknown
1771342479.548673,387,hand,29.587150203511545,27.910100063309073,640,480,unknown
1771342479.5810077,388,hand,28.96338751778143,25.641300017014146,640,480,unknown
1771342479.605325,389,hand,29.25020572687839,14.542599907144904,640,480,unknown
1771342479.6506782,390,hand,29.210482697142538,26.680100010707974,640,480,unknown
1771342479.6845593,391,hand,29.55337753570598,26.31409978494048,640,480,unknown
1771342479.7246847,392,hand,25.26263039969162,26.337899966165423,640,480,unknown
1771342479.7600892,393,hand,29.686621462848407,27.672199998050928,640,480,unknown
1771342479.792445,394,hand,30.83298905412657,27.456299867480993,640,480,unknown
1771342479.8231137,395,hand,31.327661799305375,27.182199992239475,640,480,unknown
1771342479.8582742,396,hand,29.78443709079547,27.757099829614162,640,480,unknown
1771342479.8916314,397,hand,29.192591716141067,27.000899892300367,640,480,unknown
1771342479.9213817,398,hand,29.902925911138993,24.76039994508028,640,480,unknown
1771342479.9549637,399,hand,30.673794601393897,25.757299968972802,640,480,unknown
1771342479.989134,400,hand,29.915509432616524,25.9487999137491,640,480,unknown
1771342480.0226853,401,hand,29.142896846903184,26.636300142854452,640,480,unknown
1771342480.0525944,402,hand,28.914070632354665,25.817499961704016,640,480,unknown
1771342480.092368,403,hand,30.055276489935725,25.936499936506152,640,480,unknown
1771342480.1253405,404,hand,29.12003332523345,25.209099985659122,640,480,unknown
1771342480.1607873,405,hand,29.234711089426362,25.771799962967634,640,480,unknown
1771342480.1951613,406,hand,29.278995902354577,26.34590002708137,640,480,unknown
1771342480.2291605,407,hand,28.66567339630121,26.285900035873055,640,480,unknown
1771342480.2519572,408,hand,29.53548014562457,14.173700008541346,640,480,unknown
1771342480.2968802,409,hand,29.291673359359176,26.5516999643296,640,480,unknown
1771342480.3310122,410,hand,29.894826873458683,26.93099994212389,640,480,unknown
1771342480.35538,411,hand,29.185888247164428,26.180499931797385,640,480,unknown
1771342480.389857,412,hand,29.067361534623274,26.065999874845147,640,480,unknown
1771342480.4241512,413,hand,29.090142388492403,25.748599786311388,640,480,unknown
1771342480.4687967,414,hand,29.08610777861764,26.14109986461699,640,480,unknown
1771342480.4958966,415,hand,29.129740879384943,26.644299970939755,640,480,unknown
1771342480.5353777,416,hand,29.19848518601025,25.117999874055386,640,480,unknown
1771342480.5697513,417,hand,29.068167327363955,25.69409995339811,640,480,unknown
1771342480.596119,418,hand,28.933417952043264,25.75210016220808,640,480,unknown
1771342480.630498,419,hand,29.274091445242433,26.460299966856837,640,480,unknown
1771342480.673082,420,hand,28.729093462104867,25.24479990825057,640,480,unknown
1771342480.7090123,421,hand,29.420705232072837,25.74259997345507,640,480,unknown
1771342480.7437756,422,hand,29.467418872113363,26.578000048175454,640,480,unknown
1771342480.7773342,423,hand,29.149580579474456,25.958500104025006,640,480,unknown
1771342480.8011672,424,hand,29.342698437128345,25.75530018657446,640,480,unknown
1771342480.845322,425,hand,29.37825438295428,26.072399923577905,640,480,unknown
1771342480.8776054,426,hand,29.391635833613634,24.731999961659312,640,480,unknown
1771342480.9116123,427,hand,29.376402526999957,24.77120002731681,640,480,unknown
1771342480.936874,428,hand,29.152214406850344,14.600200112909079,640,480,unknown
1771342480.9574864,429,hand,28.728306358262728,15.141499927267432,640,480,unknown
1771342481.003938,430,hand,29.40420490314982,14.803600031882524,640,480,unknown
1771342481.0252452,431,hand,29.872470745760538,15.273600118234754,640,480,unknown
1771342481.059381,432,hand,29.891844123264633,13.7682999484241,640,480,unknown
1771342481.0772965,433,hand,53.94672600290679,14.445600099861622,640,480,unknown
1771342481.1251512,434,hand,30.179625552245678,15.425000106915832,640,480,unknown
1771342481.1528752,435,hand,29.269392882065596,14.652000041678548,640,480,unknown
1771342481.193245,436,hand,29.113767301098108,15.8504000864923,640,480,unknown
1771342481.2120025,437,hand,30.286626181518844,15.273299999535084,640,480,unknown
1771342481.2606423,438,hand,29.296992980127825,16.775500029325485,640,480,unknown
1771342481.2937617,439,hand,30.07920138839087,15.987700084224343,640,480,unknown
1771342481.3235006,440,hand,29.59529219175569,15.23100002668798,640,480,unknown
1771342481.360404,441,hand,29.27450008724481,14.16849996894598,640,480,unknown
1771342481.4113119,442,hand,29.65996054111008,33.19400013424456,640,480,unknown
1771342481.4456177,443,hand,20.11405771942108,25.84660006687045,640,480,unknown
1771342481.4739594,444,hand,30.074887783052013,13.833899982273579,640,480,unknown
1771342481.4973938,445,hand,28.94859477665507,15.05749998614192,640,480,unknown
1771342481.5453322,446,hand,29.75633358163953,15.023699961602688,640,480,unknown
1771342481.580314,447,hand,28.816334943285263,14.897099928930402,640,480,unknown
1771342481.585461,448,hand,50.611835119220004,15.184199903160334,640,480,unknown
1771342481.6340802,449,hand,29.034161469185456,14.769800007343292,640,480,unknown
1771342481.6667295,450,hand,29.24571874825682,14.204300008714199,640,480,unknown
1771342481.6932616,451,hand,29.452934195650496,15.395099995657802,640,480,unknown
1771342481.723706,452,hand,28.9902128836052,14.579300070181489,640,480,unknown
1771342481.7767305,453,hand,29.133989969853992,21.193200023844838,640,480,unknown
1771342481.8066008,454,hand,29.607618079526763,16.388699878007174,640,480,unknown
1771342481.8393526,455,hand,31.505562274185188,18.11689999885857,640,480,unknown
1771342481.8566158,456,hand,29.211499888566973,14.245399972423911,640,480,unknown
1771342481.8910823,457,hand,29.0136756984844,15.065199928358197,640,480,unknown
1771342481.9429424,458,hand,28.58674227450553,16.648999880999327,640,480,unknown
1771342481.973033,459,hand,31.592654524638075,15.556100057438016,640,480,unknown
1771342482.0051749,460,hand,30.963870720075594,15.237299958243966,640,480,unknown
1771342482.0320387,461,hand,30.733581001370233,14.297599904239178,640,480,unknown
1771342482.0708137,462,hand,29.814289065332204,14.85899998806417,640,480,unknown
1771342482.105484,463,hand,29.502862850470578,15.483399853110313,640,480,unknown
1771342482.13826,464,hand,29.26694205649213,15.007100068032742,640,480,unknown
1771342482.1714709,465,hand,29.37557955484585,13.835199875757098,640,480,unknown
1771342482.2059798,466,hand,29.692505911169633,14.142399886623025,640,480,unknown
1771342482.2413568,467,hand,29.748735734905065,15.452499967068434,640,480,unknown
1771342482.2757075,468,hand,29.201737774312132,16.18209993466735,640,480,unknown
1771342482.309234,469,hand,29.6880923562596,16.179600032046437,640,480,unknown
1771342482.3267677,470,hand,43.43728251864126,14.685699949041009,640,480,unknown
1771342482.3596272,471,hand,36.46840329704727,15.928800217807293,640,480,unknown
1771342482.4015481,472,hand,29.312553725303832,24.68319982290268,640,480,unknown
1771342482.4119494,473,hand,29.43412539123356,13.80979991517961,640,480,unknown
1771342482.4306593,474,hand,53.4476457470532,14.308300102129579,640,480,unknown
1771342482.475931,475,hand,28.65020458069496,14.895200030878186,640,480,unknown
1771342482.5135224,476,hand,29.211499888566973,14.018600108101964,640,480,unknown
1771342482.5502896,477,hand,29.027731447198136,16.267400002107024,640,480,unknown
1771342482.5800405,478,hand,28.91227683187427,14.55680001527071,640,480,unknown
1771342482.6033535,479,hand,28.96858855706274,15.125100035220385,640,480,unknown
1771342482.651178,480,hand,29.04662774672955,14.842200092971325,640,480,unknown
1771342482.6874707,481,hand,29.676539261607257,16.517299925908446,640,480,unknown
1771342482.7208638,482,hand,29.97365882243645,16.01759996265173,640,480,unknown
1771342482.7518384,483,hand,30.02064216900239,14.534799847751856,640,480,unknown
1771342482.7765098,484,hand,29.5186431135196,15.010500093922019,640,480,unknown
1771342482.8059561,485,hand,29.47363095279923,13.710000086575747,640,480,unknown
1771342482.8395588,486,hand,54.10190129762918,14.8543999530375,640,480,unknown
1771342482.8644383,487,hand,28.99622537158659,15.394699992612004,640,480,unknown
1771342482.9155877,488,hand,24.6496118290755,16.55389997176826,640,480,unknown
1771342482.946559,489,hand,29.224526198439243,13.998500071465969,640,480,unknown
1771342482.984076,490,hand,29.13783545332657,15.95519995316863,640,480,unknown
1771342483.013637,491,hand,29.12569527870173,15.19679999910295,640,480,unknown
1771342483.0645084,492,hand,29.09559088764949,27.966600144281983,640,480,unknown
1771342483.094171,493,hand,29.814077138510967,24.989400058984756,640,480,unknown
1771342483.127506,494,hand,29.400288794493278,24.900800082832575,640,480,unknown
1771342483.1516187,495,hand,29.913375887030632,13.9121999964118,640,480,unknown
1771342483.185066,496,hand,29.314807307901983,13.729099882766604,640,480,unknown
1771342483.2284846,497,hand,29.911882586184763,24.91179993376136,640,480,unknown
1771342483.2519941,498,hand,29.997024831216386,13.828499941155314,640,480,unknown
1771342483.2875502,499,hand,30.371498913830557,25.43640020303428,640,480,unknown
1771342483.322429,500,hand,29.897597103122838,25.12350003235042,640,480,unknown
1771342483.3647969,501,hand,29.31788093357472,26.901799952611327,640,480,unknown
1771342483.3879056,502,hand,29.506183608863875,15.062300022691488,640,480,unknown
1771342483.4330244,503,hand,28.9517919266663,25.915700010955334,640,480,unknown
1771342483.466169,504,hand,30.001530725377854,25.23190015926957,640,480,unknown
1771342483.498296,505,hand,29.77661349292555,24.488499853760004,640,480,unknown
1771342483.5332153,506,hand,29.90655058575228,25.40990011766553,640,480,unknown
1771342483.567689,507,hand,29.733130117321803,25.77840001322329,640,480,unknown
1771342483.5908928,508,hand,29.834860297046607,25.972799863666296,640,480,unknown
1771342483.6348782,509,hand,29.640467542012352,25.722800055518746,640,480,unknown
1771342483.6684337,510,hand,29.177969933703885,25.28100018389523,640,480,unknown
1771342483.7010467,511,hand,29.699023557818265,25.158300064504147,640,480,unknown
1771342483.7356813,512,hand,29.248981868898188,25.40080016478896,640,480,unknown
1771342483.7704453,513,hand,29.246534460156752,25.194999994710088,640,480,unknown
1771342483.7733283,514,face,35.40064651716309,4.458900075405836,640,480,unknown
1771342483.7931812,515,face,54.067031040528,3.19129996933043,640,480,unknown
1771342483.8116744,516,face,50.376583912850265,2.080800011754036,640,480,unknown
1771342483.845452,517,face,30.73290541926786,2.269999822601676,640,480,unknown
1771342483.8788986,518,face,30.411577894110994,2.8546000830829144,640,480,unknown
1771342483.9107225,519,face,30.964099308267567,2.4690001737326384,640,480,unknown
1771342483.94339,520,face,31.205993735445325,3.087099874392152,640,480,unknown
1771342483.973683,521,face,32.19774770279503,2.1769998129457235,640,480,unknown
1771342484.0031002,522,face,32.67278944949483,2.168700098991394,640,480,unknown
1771342484.0367281,523,face,29.7371354026346,2.266499912366271,640,480,unknown
1771342484.0824163,524,face,22.616533569152292,2.7785999700427055,640,480,unknown
1771342484.1161819,525,face,30.46547641529991,2.268899930641055,640,480,unknown
1771342484.1476371,526,face,31.27580215797833,2.1850999910384417,640,480,unknown
1771342484.1799452,527,face,30.328893516710774,2.4588999804109335,640,480,unknown
1771342484.2096019,528,face,32.37419822935079,2.482400042936206,640,480,unknown
1771342484.2454026,529,face,27.932418303265205,4.21199994161725,640,480,unknown
1771342484.2745037,530,face,34.36292284878624,2.7151000685989857,640,480,unknown
1771342484.3112772,531,face,28.918257032542748,2.4741999804973602,640,480,unknown
1771342484.3420575,532,face,32.208874076576926,2.261699875816703,640,480,unknown
1771342484.3755212,533,face,29.96530734718372,2.329600043594837,640,480,unknown
1771342484.4056702,534,face,33.22299935840059,2.3349998518824577,640,480,unknown
1771342484.4524536,535,face,20.981486205947824,2.2458999883383512,640,480,unknown
1771342484.485574,536,face,30.268703678311887,2.4064001627266407,640,480,unknown
1771342484.5165968,537,face,30.964099308267567,2.1132000256329775,640,480,unknown
1771342484.550747,538,face,30.179191250539645,2.596300095319748,640,480,unknown
1771342484.5825007,539,face,30.517123711265196,2.3250000085681677,640,480,unknown
1771342484.612713,540,face,35.777808107001505,2.9833000153303146,640,480,unknown
1771342484.6452265,541,face,30.502919893822042,2.1964001934975386,640,480,unknown
1771342484.675287,542,face,32.2234736445841,2.3694001138210297,640,480,unknown
1771342484.7129087,543,face,28.37401739930457,4.62420005351305,640,480,unknown
1771342484.7413683,544,face,33.00600423365361,2.7190998662263155,640,480,unknown
1771342484.771715,545,face,33.73253981019784,2.2545999381691217,640,480,unknown
1771342484.8249884,546,face,19.806033933200798,5.455199861899018,640,480,unknown
1771342484.8538842,547,face,29.463278939567427,2.164500067010522,640,480,unknown
1771342484.8837438,548,face,33.49013094857873,2.665200037881732,640,480,unknown
1771342484.9172156,549,face,29.87587523416743,3.8567001465708017,640,480,unknown
1771342484.9554722,550,face,31.438731148622313,6.513299886137247,640,480,unknown
1771342484.9823406,551,face,31.21458658926844,2.474399982020259,640,480,unknown
1771342485.0154283,552,face,30.98811986524026,2.0628999918699265,640,480,unknown
1771342485.0464933,553,face,31.865799550234,2.539300126954913,640,480,unknown
1771342485.0781832,554,face,30.49005910019409,2.4619000032544136,640,480,unknown
1771342485.1124084,555,face,32.903986004659885,4.140899982303381,640,480,unknown
1771342485.1446157,556,face,31.20785124889322,4.665800137445331,640,480,unknown
1771342485.1889205,557,face,20.936346937145597,4.53380006365478,640,480,unknown
1771342485.220405,558,face,31.277434750186426,4.380000056698918,640,480,unknown
1771342485.2532833,559,face,29.75886705973337,2.42229993455112,640,480,unknown
1771342485.284225,560,face,32.31881891523282,3.1032999977469444,640,480,unknown
1771342485.3182614,561,face,32.55789980283483,3.110499819740653,640,480,unknown
1771342485.3483548,562,face,29.926395250938253,2.7083000168204308,640,480,unknown
1771342485.3806658,563,face,30.949248092560616,2.1647000685334206,640,480,unknown
1771342485.4144878,564,face,30.399675296436957,2.1168000530451536,640,480,unknown
1771342485.4438202,565,face,33.0476137948423,2.5244001299142838,640,480,unknown
1771342485.4769742,566,face,30.16226322829323,4.226600052788854,640,480,unknown
1771342485.5089297,567,face,33.58022161019663,3.0963001772761345,640,480,unknown
1771342485.558426,568,face,19.751657625075346,2.1430000197142363,640,480,unknown
1771342485.5882406,569,face,32.40621499045809,2.2387998178601265,640,480,unknown
1771342485.6213102,570,face,30.23924328065521,2.1996002178639174,640,480,unknown
1771342485.656358,571,face,32.87613165176087,5.353299900889397,640,480,unknown
1771342485.689327,572,face,30.523119915001384,4.480700008571148,640,480,unknown
1771342485.7197337,573,face,30.321658100009397,3.4841999877244234,640,480,unknown
1771342485.749385,574,face,33.73715241749314,2.3018999490886927,640,480,unknown
1771342485.7797072,575,face,30.677608577990373,2.214499982073903,640,480,unknown
1771342485.8138895,576,face,30.187879660285017,2.206499921157956,640,480,unknown
1771342485.8430433,577,face,33.1013408464932,2.4090998340398073,640,480,unknown
1771342485.8753457,578,face,33.336014433432155,3.3593999687582254,640,480,unknown
1771342485.9272947,579,face,19.441385735673794,2.482200041413307,640,480,unknown
1771342485.9606557,580,face,30.125867294901813,2.7723999228328466,640,480,unknown
1771342485.9879951,581,face,33.59259318585914,2.3141999263316393,640,480,unknown
1771342486.0230198,582,face,30.024725294391352,2.5483001954853535,640,480,unknown
1771342486.0511262,583,face,32.91612255148167,2.741800155490637,640,480,unknown
1771342486.085007,584,face,33.14921598381386,3.1839001458138227,640,480,unknown
1771342486.1150367,585,face,29.635022468417038,2.4961999151855707,640,480,unknown
1771342486.1512308,586,face,30.40452337803552,3.409500000998378,640,480,unknown
1771342486.1809137,587,face,31.67209599105936,3.126499941572547,640,480,unknown
1771342486.2118149,588,face,31.741845646218348,2.36480007879436,640,480,unknown
1771342486.2449634,589,face,32.50743261048161,3.0799999367445707,640,480,unknown
1771342486.2920272,590,face,20.892025841672435,2.337200101464987,640,480,unknown
1771342486.3248513,591,face,30.408270682142778,2.769300015643239,640,480,unknown
1771342486.357555,592,face,30.281596996606744,2.209699945524335,640,480,unknown
1771342486.3883443,593,face,31.89900142219383,2.5487998500466347,640,480,unknown
1771342486.4201038,594,face,30.10770224678774,2.2848001681268215,640,480,unknown
1771342486.4539351,595,face,31.5807607746288,2.404599916189909,640,480,unknown
1771342486.486339,596,face,28.926433975406727,2.727700164541602,640,480,unknown
1771342486.52062,597,face,31.416595508816084,4.205900011584163,640,480,unknown
1771342486.548574,598,face,32.88979502219156,4.5646000653505325,640,480,unknown
1771342486.5799541,599,face,32.90166300596172,2.596499864012003,640,480,unknown
1771342486.6106358,600,face,31.577432129251804,2.6911001186817884,640,480,unknown
1771342486.661532,601,face,20.09680649720898,2.211499959230423,640,480,unknown
1771342486.6941333,602,face,30.693098578150497,2.392900176346302,640,480,unknown
1771342486.7237012,603,face,32.5460259325072,2.546299947425723,640,480,unknown
1771342486.757901,604,face,31.07237100418565,4.986200015991926,640,480,unknown
1771342486.7888024,605,face,30.378318087333145,2.1196999587118626,640,480,unknown
1771342486.821477,606,face,32.059681413764636,2.541900146752596,640,480,unknown
1771342486.853876,607,face,31.07237100418565,2.686500083655119,640,480,unknown
1771342486.8871877,608,face,29.851210259987045,2.413000212982297,640,480,unknown
1771342486.9154894,609,face,33.54262499600141,2.9815000016242266,640,480,unknown
1771342486.9459684,610,face,32.809524554514304,2.5019000750035048,640,480,unknown
1771342486.9796321,611,face,29.705544066404148,2.1952998358756304,640,480,unknown
1771342487.0305886,612,face,20.469005905031477,2.0580999553203583,640,480,unknown
1771342487.063216,613,face,30.762659156251832,2.578600076958537,640,480,unknown
1771342487.0933926,614,face,32.91302300762736,2.1431001368910074,640,480,unknown
1771342487.1269002,615,face,29.422562678002723,2.2617001086473465,640,480,unknown
1771342487.158435,616,face,31.300776119402986,2.1262001246213913,640,480,unknown
1771342487.1902194,617,face,32.55158283598885,2.172099892050028,640,480,unknown
1771342487.2186127,618,face,32.70106500756265,2.148200059309602,640,480,unknown
1771342487.252855,619,face,29.203567673701286,2.9420999344438314,640,480,unknown
1771342487.288834,620,face,30.593919589192975,4.777199821546674,640,480,unknown
1771342487.3153691,621,face,33.52573397172021,2.440699841827154,640,480,unknown
1771342487.3500633,622,face,28.82326585027282,2.112099900841713,640,480,unknown
1771342487.3989382,623,face,21.060183371996104,2.8075999580323696,640,480,unknown
1771342487.4295177,624,face,31.277901236409193,2.2410000674426556,640,480,unknown
1771342487.4618149,625,face,31.918178497503956,2.366000087931752,640,480,unknown
1771342487.4976096,626,face,30.006252638055244,4.05830005183816,640,480,unknown
1771342487.528123,627,face,31.720480688512936,2.408500062301755,640,480,unknown
1771342487.5623333,628,face,30.825284602438504,4.078699974343181,640,480,unknown
1771342487.5896957,629,face,33.1699262153121,2.4069000501185656,640,480,unknown
1771342487.6215744,630,face,32.13065827070837,3.2424000091850758,640,480,unknown
1771342487.6561048,631,face,31.343581159344478,4.881399916484952,640,480,unknown
1771342487.6847224,632,face,30.63772096420745,3.0781999230384827,640,480,unknown
1771342487.7169719,633,face,32.259410235505854,2.759800059720874,640,480,unknown
1771342487.7651196,634,face,19.93395751152512,2.1547998767346144,640,480,unknown
1771342487.79899,635,face,31.041326228537596,2.1496000699698925,640,480,unknown
1771342487.8316252,636,face,31.20924452910494,2.4657000321894884,640,480,unknown
1771342487.8625512,637,face,30.143404362355817,2.306699985638261,640,480,unknown
1771342487.8998094,638,face,31.392846183208963,6.184000056236982,640,480,unknown
1771342487.9247894,639,face,32.91224821287047,3.785999957472086,640,480,unknown
1771342487.9569514,640,face,31.092641052061943,5.869300104677677,640,480,unknown
1771342487.9903417,641,face,31.745209046047652,4.882399924099445,640,480,unknown
1771342488.0220904,642,face,30.701411254904258,2.0839001517742872,640,480,unknown
1771342488.0546887,643,face,33.144762732624756,3.1927002128213644,640,480,unknown
1771342488.0857425,644,face,29.58255926309924,2.732400083914399,640,480,unknown
1771342488.13437,645,face,20.68595045398277,2.383399987593293,640,480,unknown
1771342488.1827257,646,face,30.759951890639208,21.4799998793751,640,480,unknown
1771342488.2002974,647,face,29.029941445993273,2.1500999573618174,640,480,unknown
1771342488.233064,648,face,34.4052038815838,3.5478000063449144,640,480,unknown
1771342488.2639227,649,face,30.970501148203116,2.6512001641094685,640,480,unknown
1771342488.2951539,650,face,30.979422409335992,2.2287999745458364,640,480,unknown
1771342488.3268378,651,face,32.413477588871714,2.3763999342918396,640,480,unknown
1771342488.3570383,652,face,31.00209178733249,2.1265000104904175,640,480,unknown
1771342488.3886986,653,face,33.768388509596804,2.197700086981058,640,480,unknown
1771342488.4206285,654,face,31.331406076089312,2.409999957308173,640,480,unknown
1771342488.4371278,655,face,61.99639341354539,2.36879987642169,640,480,unknown
1771342488.4986746,656,face,15.630849497829207,2.2740999702364206,640,480,unknown
1771342488.5315957,657,face,31.482623511927102,2.1866001188755035,640,480,unknown
1771342488.5666285,658,face,28.800505379961958,2.3862000089138746,640,480,unknown
1771342488.6000242,659,face,31.192997330120555,2.643799874931574,640,480,unknown
1771342488.6288443,660,face,33.45513715293011,2.3783999495208263,640,480,unknown
1771342488.6576948,661,face,32.69494722728903,3.0171999242156744,640,480,unknown
1771342488.6939192,662,face,29.501410253704993,2.8379999566823244,640,480,unknown
1771342488.7274122,663,face,29.764568963070197,2.710500033572316,640,480,unknown
1771342488.7594898,664,face,31.160785129492876,2.5659999810159206,640,480,unknown
1771342488.7919078,665,face,30.366661357350747,2.1736000198870897,640,480,unknown
1771342488.8067448,666,face,60.48197496683394,2.2316998802125454,640,480,unknown
1771342488.8264868,667,face,56.90741343753392,3.1959000043570995,640,480,unknown
1771342488.9019873,668,face,13.072272521855666,2.3598000407218933,640,480,unknown
1771342488.9341984,669,face,32.085187111777486,2.611599862575531,640,480,unknown
1771342488.96449,670,face,30.761756681432804,2.150100190192461,640,480,unknown
1771342488.9958732,671,face,31.864104960077793,2.2557000629603863,640,480,unknown
1771342489.0278656,672,face,31.257388997361872,2.418499905616045,640,480,unknown
1771342489.0604365,673,face,30.70231019236963,3.2311000395566225,640,480,unknown
1771342489.0956185,674,face,31.415654258108006,4.485699813812971,640,480,unknown
1771342489.126011,675,face,29.635650644037618,2.2685001604259014,640,480,unknown
1771342489.165518,676,face,30.40915253499989,6.737899966537952,640,480,unknown
1771342489.176879,677,face,55.60746151908468,3.0485999304801226,640,480,unknown
1771342489.2060566,678,face,34.27278967151496,4.555499879643321,640,480,unknown
1771342489.2425344,679,face,31.50106648241055,5.596900125965476,640,480,unknown
1771342489.3016176,680,face,16.01356128923878,2.270100172609091,640,480,unknown
1771342489.3345127,681,face,30.877250842915828,2.208000048995018,640,480,unknown
1771342489.3673978,682,face,30.75160748718776,2.394000068306923,640,480,unknown
1771342489.3983517,683,face,30.89066792361116,2.2897999733686447,640,480,unknown
1771342489.428704,684,face,32.073655474073,2.074599964544177,640,480,unknown
1771342489.463566,685,face,30.616251569388886,2.3138001561164856,640,480,unknown
1771342489.521206,686,hand,30.894308464014497,27.462499914690852,640,480,unknown
1771342489.562839,687,hand,29.899302115040527,36.508500110358,640,480,unknown
1771342489.608935,688,hand,20.013188470108837,32.955999951809645,640,480,unknown
1771342489.6549046,689,hand,19.75072753129091,27.728799963369966,640,480,unknown
1771342489.6852014,690,hand,30.0126940057674,25.762599892914295,640,480,unknown
1771342489.7211053,691,hand,29.23348852769801,26.46669978275895,640,480,unknown
1771342489.754424,692,hand,30.23510160535744,25.96969995647669,640,480,unknown
1771342489.7887244,693,hand,29.260612656355732,26.332999812439084,640,480,unknown
1771342489.832781,694,hand,28.861346214717255,35.45899991877377,640,480,unknown
1771342489.8709142,695,hand,20.060665483712054,23.518799804151058,640,480,unknown
1771342489.9023283,696,hand,30.065402204923085,21.73979999497533,640,480,unknown
1771342489.9420614,697,hand,28.69077228264587,28.458500048145652,640,480,unknown
1771342489.9750228,698,hand,29.27163983278549,26.50150004774332,640,480,unknown
1771342489.9973035,699,hand,29.82064827125296,14.309100108221173,640,480,unknown
1771342490.0410607,700,hand,29.086712898751735,26.070599909871817,640,480,unknown
1771342490.0748355,701,hand,29.89802333787165,25.804199976846576,640,480,unknown
1771342490.1116037,702,hand,29.003443649992395,26.12509997561574,640,480,unknown
1771342490.1456501,703,hand,28.772055948469237,25.673900032415986,640,480,unknown
1771342490.1794374,704,hand,29.82064827125296,26.374700013548136,640,480,unknown
1771342490.2130196,705,hand,29.208855338203445,25.51759989000857,640,480,unknown
1771342490.2470071,706,hand,29.073003022153216,25.217399932444096,640,480,unknown
1771342490.2791169,707,hand,30.19179107700724,25.256700115278363,640,480,unknown
1771342490.3171387,708,hand,29.288400706669368,28.649700107052922,640,480,unknown
1771342490.3516424,709,hand,29.155862030613523,27.816299814730883,640,480,unknown
1771342490.381327,710,hand,29.537768137579402,25.21999995224178,640,480,unknown
1771342490.4063282,711,hand,29.27388712851938,14.6248999517411,640,480,unknown
1771342490.4423559,712,hand,28.366725280670906,16.298800008371472,640,480,unknown
1771342490.4747906,713,hand,30.16291395490993,15.275900019332767,640,480,unknown
1771342490.5079339,714,hand,29.751267919335504,15.022100182250142,640,480,unknown
1771342490.5664935,715,hand,28.984603477347488,39.6034000441432,640,480,unknown
1771342490.5956037,716,hand,20.173360973099324,17.589099938049912,640,480,unknown
1771342490.6406755,717,hand,30.349742038654405,29.95050000026822,640,480,unknown
1771342490.684638,718,hand,21.18549348419032,26.59179992042482,640,480,unknown
1771342490.7185647,719,hand,29.292287063161716,26.231500087305903,640,480,unknown
1771342490.7533197,720,hand,29.3509118136905,26.910499902442098,640,480,unknown
1771342490.7846262,721,hand,29.67318004952246,25.236800080165267,640,480,unknown
1771342490.8196495,722,hand,29.338183039086765,26.667000027373433,640,480,unknown
1771342490.8440025,723,hand,29.13763303415122,26.63760003633797,640,480,unknown
1771342490.8794818,724,hand,29.285537735387965,27.847500052303076,640,480,unknown
1771342490.924049,725,hand,27.51752688242588,25.53529990836978,640,480,unknown
1771342490.939649,726,hand,29.532776612074187,13.801999855786562,640,480,unknown
1771342490.9753506,727,hand,29.409977912561793,14.013699954375625,640,480,unknown
1771342491.0008738,728,hand,50.48512277323062,14.590200036764145,640,480,unknown
1771342491.033953,729,hand,29.03798064274934,15.234800055623055,640,480,unknown
1771342491.0644033,730,hand,29.794804401412204,14.895799802616239,640,480,unknown
1771342491.104601,731,hand,29.02632525951557,16.073300037533045,640,480,unknown
1771342491.1482472,732,hand,29.90804335424986,25.681599974632263,640,480,unknown
1771342491.1735911,733,hand,29.23389603691261,25.324600050225854,640,480,unknown
1771342491.2171364,734,hand,29.13378760410372,26.317000156268477,640,480,unknown
1771342491.2467844,735,hand,30.2462212991808,25.80510010011494,640,480,unknown
1771342491.2830741,736,hand,30.021931457038967,26.973199797794223,640,480,unknown
1771342491.3225033,737,hand,24.376843096343737,25.394200114533305,640,480,unknown
1771342491.3509023,738,hand,29.37311091502444,27.173700043931603,640,480,unknown
1771342491.3929675,739,hand,28.880424154788955,25.966899935156107,640,480,unknown
1771342491.4272368,740,hand,29.315421981478245,26.075399946421385,640,480,unknown
1771342491.4610426,741,hand,29.077638739644357,25.71920002810657,640,480,unknown
1771342491.497429,742,hand,29.035769419811288,27.619299944490194,640,480,unknown
1771342491.5249443,743,hand,29.263470756092627,27.033100137487054,640,480,unknown
1771342491.5614738,744,hand,29.46534876042347,27.56369998678565,640,480,unknown
1771342491.5974207,745,hand,29.794592751502407,27.078100014477968,640,480,unknown
1771342491.6336887,746,hand,29.374550904494107,29.821299947798252,640,480,unknown
1771342491.6815338,747,hand,19.95539146652457,26.18889999575913,640,480,unknown
1771342491.7075746,748,hand,29.46534876042347,28.74600002542138,640,480,unknown
1771342491.7509508,749,hand,28.433260571877923,27.1891001611948,640,480,unknown
1771342491.7740772,750,hand,29.756755798031968,27.106499997898936,640,480,unknown
1771342491.8185275,751,hand,29.229821455949377,27.285399846732616,640,480,unknown
1771342491.8496785,752,hand,29.27163983278549,25.935200043022633,640,480,unknown
1771342491.8861196,753,hand,29.4523137420125,26.008799904957414,640,480,unknown
1771342491.919654,754,hand,30.35830920671685,27.525100158527493,640,480,unknown
1771342491.9539776,755,hand,29.287378152668772,26.15609997883439,640,480,unknown
1771342491.987044,756,hand,29.211093003496163,25.51320008933544,640,480,unknown
1771342492.0154207,757,hand,30.057645726734602,26.6055001411587,640,480,unknown
1771342492.0533473,758,hand,29.07139094513294,25.18460014835,640,480,unknown
1771342492.0803103,759,hand,29.001037157910748,26.8004999961704,640,480,unknown
1771342492.1170418,760,hand,29.40296812455748,26.083200005814433,640,480,unknown
1771342492.1580174,761,hand,29.99187689491448,26.306699961423874,640,480,unknown
1771342492.1866155,762,hand,29.50846706393038,25.881699984893203,640,480,unknown
1771342492.2258391,763,hand,28.85658066735466,25.776299880817533,640,480,unknown
1771342492.26153,764,hand,29.34290371551899,27.35540014691651,640,480,unknown
1771342492.2888756,765,hand,29.5856892951865,25.009899865835905,640,480,unknown
1771342492.327727,766,hand,29.694818297025776,26.1780999135226,640,480,unknown
1771342492.3603556,767,hand,29.230636281273956,24.932100204750896,640,480,unknown
1771342492.3944182,768,hand,30.46923876010664,25.565899908542633,640,480,unknown
1771342492.4186869,769,hand,29.269392882065596,26.606200030073524,640,480,unknown
1771342492.4532754,770,hand,29.09397630476402,26.646299986168742,640,480,unknown
1771342492.4978783,771,hand,28.961787573711177,25.82910005003214,640,480,unknown
1771342492.532788,772,hand,28.91765890115345,26.491399854421616,640,480,unknown
1771342492.5666552,773,hand,30.86407252604933,28.081899974495173,640,480,unknown
1771342492.6018136,774,hand,27.391730830770033,26.98480011895299,640,480,unknown
1771342492.637457,775,hand,27.9797471732097,27.049499796703458,640,480,unknown
1771342492.6734319,776,hand,28.8395170384224,28.36070000194013,640,480,unknown
1771342492.7092276,777,hand,29.100435711708712,29.54289992339909,640,480,unknown
1771342492.7512343,778,hand,23.888414901554285,29.440299840644002,640,480,unknown
1771342492.7942934,779,hand,22.78361480338742,28.102700132876635,640,480,unknown
1771342492.8306117,780,hand,27.61608912357864,28.816099977120757,640,480,unknown
1771342492.8692465,781,hand,25.53640835809264,28.154300060123205,640,480,unknown
1771342492.9074688,782,hand,24.92351756225971,26.092099957168102,640,480,unknown
1771342492.942497,783,hand,29.98780269827765,28.7434000056237,640,480,unknown
1771342492.9754472,784,hand,27.924421778671388,26.868400163948536,640,480,unknown
1771342493.0104227,785,hand,22.86995496134091,25.823500007390976,640,480,unknown
1771342493.0539823,786,hand,29.566502185253068,26.82269993238151,640,480,unknown
1771342493.0875154,787,hand,29.111948637862223,25.635499972850084,640,480,unknown
1771342493.1217299,788,hand,29.840166762711743,25.793599896132946,640,480,unknown
1771342493.156214,789,hand,29.280426678580902,25.99460002966225,640,480,unknown
1771342493.1903505,790,hand,29.52342204734386,27.342600049450994,640,480,unknown
1771342493.2268164,791,hand,28.480176002064223,28.01310014910996,640,480,unknown
1771342493.2631185,792,hand,27.640293648596998,27.83929998986423,640,480,unknown
1771342493.2950797,793,hand,27.102165302179518,26.18330018594861,640,480,unknown
1771342493.3359919,794,hand,27.528001837692383,27.857900131493807,640,480,unknown
1771342493.3667638,795,hand,27.271866628520897,26.556700002402067,640,480,unknown
1771342493.4071965,796,hand,27.586119807424165,26.487699942663312,640,480,unknown
1771342493.439266,797,hand,27.528001837692383,26.540599996224046,640,480,unknown
1771342493.480111,798,hand,27.849884465220047,27.43929997086525,640,480,unknown
1771342493.5150466,799,hand,27.25272897390581,26.536599965766072,640,480,unknown
1771342493.5543213,800,hand,28.010765398459988,28.272500028833747,640,480,unknown
1771342493.5888472,801,hand,26.887253519321007,26.958300033584237,640,480,unknown
1771342493.6261878,802,hand,27.851918747883367,27.430599788203835,640,480,unknown
1771342493.663119,803,hand,27.352788882295016,28.165100142359734,640,480,unknown
1771342493.7011247,804,hand,27.5864826824167,30.05310008302331,640,480,unknown
1771342493.735862,805,hand,27.4221754395141,27.336400002241135,640,480,unknown
1771342493.7732308,806,hand,27.741390143723585,28.962499927729368,640,480,unknown
1771342493.8178227,807,hand,27.420561969639518,39.084200048819184,640,480,unknown
1771342493.8400989,808,hand,20.536254094467758,12.305099982768297,640,480,unknown
1771342493.8837643,809,hand,55.06576166156835,38.989099906757474,640,480,unknown
1771342493.905814,810,hand,20.542791932371408,13.138399925082922,640,480,unknown
1771342493.9552925,811,hand,55.57136043245535,42.37049981020391,640,480,unknown
1771342493.9758542,812,hand,20.51666552530401,12.6697001978755,640,480,unknown
1771342494.0153537,813,hand,54.49837582183415,37.833299953490496,640,480,unknown
1771342494.038013,814,hand,22.447439122290607,11.93999988026917,640,480,unknown
1771342494.0876255,815,hand,32.914056124050475,36.60200000740588,640,480,unknown
1771342494.1172163,816,hand,20.1575578154136,12.066900031641126,640,480,unknown
1771342494.1495354,817,hand,55.21799918377019,26.4811001252383,640,480,unknown
1771342494.191494,818,hand,29.445903918113466,37.26199991069734,640,480,unknown
1771342494.226213,819,hand,19.81005639364084,22.410099860280752,640,480,unknown
1771342494.2535768,820,hand,29.3509118136905,11.636900017037988,640,480,unknown
1771342494.2878718,821,hand,30.882252459209518,14.163800049573183,640,480,unknown
1771342494.3202665,822,hand,29.744094516108444,14.379700180143118,640,480,unknown
1771342494.379318,823,hand,21.59218742760655,25.127399945631623,640,480,unknown
1771342494.4023068,824,hand,29.603229722481014,13.790999772027135,640,480,unknown
1771342494.4503343,825,hand,28.63377502884333,26.694499887526035,640,480,unknown
1771342494.4828064,826,hand,29.860561144215914,26.019199984148145,640,480,unknown
1771342494.516442,827,hand,29.603856550984254,26.97120001539588,640,480,unknown
1771342494.550619,828,hand,29.434745078774693,26.335400063544512,640,480,unknown
1771342494.584978,829,hand,28.985404688191068,26.718599954620004,640,480,unknown
1771342494.6085472,830,hand,29.747469804322076,26.595199946314096,640,480,unknown
1771342494.6522555,831,hand,29.742618068359096,27.083400171250105,640,480,unknown
1771342494.6857777,832,hand,29.51801988838296,27.004400035366416,640,480,unknown
1771342494.7121546,833,hand,29.787186898564723,27.300899848341942,640,480,unknown
1771342494.7538872,834,hand,30.18158006461873,27.264900039881468,640,480,unknown
1771342494.7858262,835,hand,29.9503291869582,26.419100118800998,640,480,unknown
1771342494.8200898,836,hand,29.62790500543916,26.171999983489513,640,480,unknown
1771342494.85322,837,hand,29.227784591370277,26.634700130671263,640,480,unknown
1771342494.888772,838,hand,29.14552946653788,27.211999986320734,640,480,unknown
1771342494.9243555,839,hand,29.801578786565393,27.948099886998534,640,480,unknown
1771342494.957599,840,hand,30.49028074613629,28.278599958866835,640,480,unknown
1771342494.9789183,841,hand,31.038340005772092,26.772000128403306,640,480,unknown
1771342495.0200968,842,hand,30.30128594133796,27.018799912184477,640,480,unknown
1771342495.0441442,843,hand,29.491660807200113,25.60489997267723,640,480,unknown
1771342495.078252,844,hand,29.318290799029786,25.461100041866302,640,480,unknown
1771342495.1117256,845,hand,29.828495028944488,25.13720002025366,640,480,unknown
1771342495.1537213,846,hand,30.255384837336795,26.31869981996715,640,480,unknown
1771342495.1790874,847,hand,29.231451152028768,26.669600047171116,640,480,unknown
1771342495.2132237,848,hand,28.994020503107265,25.34890011884272,640,480,unknown
1771342495.247178,849,hand,29.64402886443469,27.519600000232458,640,480,unknown
1771342495.281781,850,hand,28.607800073662816,25.85860015824437,640,480,unknown
1771342495.318298,851,hand,29.383193807138603,26.272700168192387,640,480,unknown
1771342495.3504357,852,hand,29.272456991311024,26.31800016388297,640,480,unknown
1771342495.3839583,853,hand,29.84398858696039,26.966500096023083,640,480,unknown
1771342495.417996,854,hand,29.14309933922082,27.017599903047085,640,480,unknown
1771342495.4564316,855,hand,30.042575136807724,27.012200094759464,640,480,unknown
1771342495.4850354,856,hand,30.010117126850453,25.003999937325716,640,480,unknown
1771342495.5191884,857,hand,29.314602422437954,25.394799886271358,640,480,unknown
1771342495.5626395,858,hand,29.09216011319734,25.32949997112155,640,480,unknown
1771342495.5863855,859,hand,30.29625188705821,26.150000048801303,640,480,unknown
1771342495.6199472,860,hand,29.739876482808988,25.261000031605363,640,480,unknown
1771342495.6616557,861,hand,29.693767167898507,26.881699915975332,640,480,unknown
1771342495.687452,862,hand,29.474459428121683,29.165999963879585,640,480,unknown
1771342495.733251,863,hand,29.162348949425,27.152900118380785,640,480,unknown
1771342495.7557685,864,hand,29.685570913929407,26.600199984386563,640,480,unknown
1771342495.789587,865,hand,29.25244973253454,25.741799967363477,640,480,unknown
1771342495.8309827,866,hand,29.388958568355555,26.4852000400424,640,480,unknown
1771342495.8567712,867,hand,29.610126296319827,29.02160002849996,640,480,unknown
1771342495.908052,868,hand,20.461217241984897,26.348999934270978,640,480,unknown
1771342495.9407406,869,hand,29.196859163557388,25.122900027781725,640,480,unknown
1771342495.9740567,870,hand,29.874385675009616,26.251700008288026,640,480,unknown
1771342496.008168,871,hand,29.34495665740812,26.542100124061108,640,480,unknown
1771342496.0418155,872,hand,29.88588040814,26.729100150987506,640,480,unknown
1771342496.076134,873,hand,28.98440318155747,26.884600054472685,640,480,unknown
1771342496.1092544,874,hand,30.20570654913653,26.526999892666936,640,480,unknown
1771342496.1434095,875,hand,28.93661175042084,25.657299906015396,640,480,unknown
1771342496.1765776,876,hand,30.356990866059668,25.43889987282455,640,480,unknown
1771342496.209832,877,hand,30.41665034990391,27.071600081399083,640,480,unknown
1771342496.2434025,878,hand,29.434745078774693,25.306199910119176,640,480,unknown
1771342496.2771766,879,hand,29.735448835197868,25.87940008379519,640,480,unknown
1771342496.3100653,880,hand,29.92981204241533,25.231000036001205,640,480,unknown
1771342496.328591,881,hand,29.564001353332582,14.470800058916211,640,480,unknown
1771342496.3786056,882,hand,29.204381035935356,25.79029998742044,640,480,unknown
1771342496.4046628,883,hand,30.240115356885365,14.083400135859847,640,480,unknown
1771342496.4457152,884,hand,29.30743323504339,25.302400114014745,640,480,unknown
1771342496.479978,885,hand,29.437224089891426,25.62440000474453,640,480,unknown
1771342496.5144377,886,hand,28.99361965395436,26.29209985025227,640,480,unknown
1771342496.5477862,887,hand,29.380929698226343,22.330000065267086,640,480,unknown
1771342496.5819356,888,hand,29.783379607603656,25.42780013754964,640,480,unknown
1771342496.615391,889,hand,30.000243188922028,25.481400080025196,640,480,unknown
1771342496.6491008,890,hand,29.864813483050064,25.55350004695356,640,480,unknown
1771342496.6825316,891,hand,29.887158146759965,26.3331001624465,640,480,unknown
1771342496.7169771,892,hand,28.943800375400244,25.992800015956163,640,480,unknown
1771342496.7351987,893,hand,29.173302172884846,13.705699937418103,640,480,unknown
1771342496.753941,894,hand,53.355179300606785,13.941299868747592,640,480,unknown
1771342496.7875004,895,hand,29.797979510933658,14.207399915903807,640,480,unknown
1771342496.8216105,896,hand,29.316856320071576,14.135200064629316,640,480,unknown
1771342496.8560402,897,hand,29.044616332777043,13.916299911215901,640,480,unknown
1771342496.8907878,898,hand,53.33414714783449,16.395899932831526,640,480,unknown
1771342496.908617,899,hand,29.562126007005872,14.835600042715669,640,480,unknown
1771342496.9423745,900,hand,29.623092189364993,13.976899906992912,640,480,unknown
1771342496.9931924,901,hand,29.54671550843577,17.034600023180246,640,480,unknown
1771342497.0096884,902,hand,29.87821627012395,14.344199793413281,640,480,unknown
1771342497.0599983,903,hand,29.145124417174504,16.26479998230934,640,480,unknown
1771342497.0783937,904,hand,29.07461527797033,14.689800096675754,640,480,unknown
1771342497.1300626,905,hand,29.294332928243165,17.80740008689463,640,480,unknown
1771342497.160068,906,hand,30.49737511815604,14.902199851348996,640,480,unknown
1771342497.203468,907,hand,30.88793808131614,26.375400135293603,640,480,unknown
1771342497.2357292,908,hand,31.206225912533668,25.658100144937634,640,480,unknown
1771342497.268945,909,hand,30.90728486581286,26.72820002771914,640,480,unknown
1771342497.2952385,910,hand,31.063396136983055,26.196000166237354,640,480,unknown
1771342497.326166,911,hand,30.574071509275797,26.050299871712923,640,480,unknown
1771342497.3568058,912,hand,29.482953986306956,30.65600013360381,640,480,unknown
1771342497.4149115,913,hand,19.943720370696173,30.493699945509434,640,480,unknown
1771342497.4723797,914,hand,20.1575578154136,35.54990002885461,640,480,unknown
